-- SIGA-UnDF Complete Data Population
-- Dados completos para todas as funcionalidades

-- =============================================
-- INSERÇÃO DE CURSOS
-- =============================================
INSERT INTO cursos (id, nome, codigo, descricao, duracao_semestres, carga_horaria_total) VALUES
('550e8400-e29b-41d4-a716-446655440001', 'Engenharia de Software', 'ES', 'Curso de Engenharia de Software', 8, 3200),
('550e8400-e29b-41d4-a716-446655440002', 'Ciência da Computação', 'CC', 'Curso de Ciência da Computação', 8, 3000),
('550e8400-e29b-41d4-a716-446655440003', 'Sistemas de Informação', 'SI', 'Curso de Sistemas de Informação', 8, 2800),
('550e8400-e29b-41d4-a716-446655440004', 'Gestão da Tecnologia da Informação', 'GTI', 'Curso de GTI', 6, 2400),
('550e8400-e29b-41d4-a716-446655440005', 'Matemática', 'MAT', 'Curso de Matemática', 8, 2600);

-- =============================================
-- INSERÇÃO DE DISCIPLINAS COMPLETAS
-- =============================================
INSERT INTO disciplinas (id, nome, codigo, carga_horaria, creditos, semestre_recomendado) VALUES
-- Disciplinas básicas (1º semestre)
('650e8400-e29b-41d4-a716-446655440001', 'Algoritmos', 'ALG101', 80, 4, 1),
('650e8400-e29b-41d4-a716-446655440002', 'Cálculo I', 'CALC101', 80, 4, 1),
('650e8400-e29b-41d4-a716-446655440003', 'Física I', 'FIS101', 80, 4, 1),
('650e8400-e29b-41d4-a716-446655440004', 'Introdução à Programação', 'IP101', 80, 4, 1),
('650e8400-e29b-41d4-a716-446655440005', 'Matemática Discreta', 'MD101', 60, 3, 1),

-- Disciplinas intermediárias (2º-4º semestre)
('650e8400-e29b-41d4-a716-446655440006', 'Estruturas de Dados', 'ED201', 80, 4, 2),
('650e8400-e29b-41d4-a716-446655440007', 'Cálculo II', 'CALC201', 80, 4, 2),
('650e8400-e29b-41d4-a716-446655440008', 'Álgebra Linear', 'AL201', 60, 3, 2),
('650e8400-e29b-41d4-a716-446655440009', 'Física II', 'FIS201', 80, 4, 2),
('650e8400-e29b-41d4-a716-446655440010', 'Programação Orientada a Objetos', 'POO201', 80, 4, 2),

('650e8400-e29b-41d4-a716-446655440011', 'Banco de Dados I', 'BD301', 80, 4, 3),
('650e8400-e29b-41d4-a716-446655440012', 'Sistemas Operacionais', 'SO301', 80, 4, 3),
('650e8400-e29b-41d4-a716-446655440013', 'Arquitetura de Computadores', 'ARQ301', 80, 4, 3),
('650e8400-e29b-41d4-a716-446655440014', 'Estatística', 'EST301', 60, 3, 3),
('650e8400-e29b-41d4-a716-446655440015', 'Engenharia de Requisitos', 'ER301', 60, 3, 3),

('650e8400-e29b-41d4-a716-446655440016', 'Banco de Dados II', 'BD401', 80, 4, 4),
('650e8400-e29b-41d4-a716-446655440017', 'Redes de Computadores', 'RC401', 80, 4, 4),
('650e8400-e29b-41d4-a716-446655440018', 'Teoria da Computação', 'TC401', 60, 3, 4),
('650e8400-e29b-41d4-a716-446655440019', 'Desenvolvimento Web', 'WEB401', 80, 4, 4),
('650e8400-e29b-41d4-a716-446655440020', 'Teste de Software', 'TS401', 60, 3, 4),

-- Disciplinas avançadas (5º-8º semestre)
('650e8400-e29b-41d4-a716-446655440021', 'Inteligência Artificial', 'IA501', 80, 4, 5),
('650e8400-e29b-41d4-a716-446655440022', 'Compiladores', 'COMP501', 80, 4, 5),
('650e8400-e29b-41d4-a716-446655440023', 'Computação Gráfica', 'CG501', 60, 3, 5),
('650e8400-e29b-41d4-a716-446655440024', 'Mobile Development', 'MOB501', 60, 3, 5),
('650e8400-e29b-41d4-a716-446655440025', 'Segurança da Informação', 'SI501', 60, 3, 5),

('650e8400-e29b-41d4-a716-446655440026', 'Machine Learning', 'ML601', 60, 3, 6),
('650e8400-e29b-41d4-a716-446655440027', 'DevOps', 'DEVOPS601', 60, 3, 6),
('650e8400-e29b-41d4-a716-446655440028', 'Blockchain', 'BC601', 60, 3, 6),
('650e8400-e29b-41d4-a716-446655440029', 'Cloud Computing', 'CLOUD601', 60, 3, 6),
('650e8400-e29b-41d4-a716-446655440030', 'TCC I', 'TCC701', 60, 3, 7);

-- =============================================
-- PRÉ-REQUISITOS COMPLETOS
-- =============================================
INSERT INTO prerequisitos (disciplina_id, prerequisito_id, tipo) VALUES
-- Sequência básica
('650e8400-e29b-41d4-a716-446655440006', '650e8400-e29b-41d4-a716-446655440001', 'obrigatorio'), -- ED -> ALG
('650e8400-e29b-41d4-a716-446655440007', '650e8400-e29b-41d4-a716-446655440002', 'obrigatorio'), -- CALC II -> CALC I
('650e8400-e29b-41d4-a716-446655440009', '650e8400-e29b-41d4-a716-446655440003', 'obrigatorio'), -- FIS II -> FIS I
('650e8400-e29b-41d4-a716-446655440010', '650e8400-e29b-41d4-a716-446655440004', 'obrigatorio'), -- POO -> IP

-- Disciplinas intermediárias
('650e8400-e29b-41d4-a716-446655440011', '650e8400-e29b-41d4-a716-446655440006', 'obrigatorio'), -- BD I -> ED
('650e8400-e29b-41d4-a716-446655440012', '650e8400-e29b-41d4-a716-446655440013', 'recomendado'), -- SO -> ARQ
('650e8400-e29b-41d4-a716-446655440013', '650e8400-e29b-41d4-a716-446655440010', 'obrigatorio'), -- ARQ -> POO
('650e8400-e29b-41d4-a716-446655440014', '650e8400-e29b-41d4-a716-446655440007', 'obrigatorio'), -- EST -> CALC II

-- Disciplinas avançadas
('650e8400-e29b-41d4-a716-446655440016', '650e8400-e29b-41d4-a716-446655440011', 'obrigatorio'), -- BD II -> BD I
('650e8400-e29b-41d4-a716-446655440017', '650e8400-e29b-41d4-a716-446655440012', 'obrigatorio'), -- RC -> SO
('650e8400-e29b-41d4-a716-446655440018', '650e8400-e29b-41d4-a716-446655440006', 'obrigatorio'), -- TC -> ED
('650e8400-e29b-41d4-a716-446655440019', '650e8400-e29b-41d4-a716-446655440011', 'obrigatorio'), -- WEB -> BD I
('650e8400-e29b-41d4-a716-446655440020', '650e8400-e29b-41d4-a716-446655440015', 'obrigatorio'), -- TS -> ER

-- Disciplinas de especialização
('650e8400-e29b-41d4-a716-446655440021', '650e8400-e29b-41d4-a716-446655440014', 'obrigatorio'), -- IA -> EST
('650e8400-e29b-41d4-a716-446655440022', '650e8400-e29b-41d4-a716-446655440018', 'obrigatorio'), -- COMP -> TC
('650e8400-e29b-41d4-a716-446655440023', '650e8400-e29b-41d4-a716-446655440008', 'obrigatorio'), -- CG -> AL
('650e8400-e29b-41d4-a716-446655440024', '650e8400-e29b-41d4-a716-446655440019', 'obrigatorio'), -- MOB -> WEB
('650e8400-e29b-41d4-a716-446655440025', '650e8400-e29b-41d4-a716-446655440017', 'obrigatorio'), -- SI -> RC

('650e8400-e29b-41d4-a716-446655440026', '650e8400-e29b-41d4-a716-446655440021', 'obrigatorio'), -- ML -> IA
('650e8400-e29b-41d4-a716-446655440027', '650e8400-e29b-41d4-a716-446655440024', 'obrigatorio'), -- DEVOPS -> MOB
('650e8400-e29b-41d4-a716-446655440028', '650e8400-e29b-41d4-a716-446655440025', 'obrigatorio'), -- BC -> SI
('650e8400-e29b-41d4-a716-446655440029', '650e8400-e29b-41d4-a716-446655440017', 'obrigatorio'); -- CLOUD -> RC

-- =============================================
-- USUÁRIOS COMPLETOS
-- =============================================
INSERT INTO usuarios (id, nome, email, senha_hash, cpf, perfil) VALUES
-- Usuários de login simples
('750e8400-e29b-41d4-a716-446655440001', 'João Silva Santos', 'aluno', '$2b$10$hash1', '12345678901', 'aluno'),
('750e8400-e29b-41d4-a716-446655440002', 'Ana Costa', 'professor', '$2b$10$hash2', '12345678902', 'professor'),
('750e8400-e29b-41d4-a716-446655440003', 'Secretaria Acadêmica', 'secretaria', '$2b$10$hash3', '12345678903', 'secretaria'),
('750e8400-e29b-41d4-a716-446655440004', 'Admin Geral', 'admin', '$2b$10$hash4', '12345678904', 'administrador'),

-- Alunos adicionais
('750e8400-e29b-41d4-a716-446655440010', 'Maria Oliveira Pereira', 'maria.pereira@unb.br', '$2b$10$hash10', '12345678910', 'aluno'),
('750e8400-e29b-41d4-a716-446655440011', 'Carlos Souza Lima', 'carlos.lima@unb.br', '$2b$10$hash11', '12345678911', 'aluno'),
('750e8400-e29b-41d4-a716-446655440012', 'Lucas Gabriel Ferreira', 'lucas.ferreira@unb.br', '$2b$10$hash12', '12345678912', 'aluno'),
('750e8400-e29b-41d4-a716-446655440013', 'Ana Paula Silva', 'ana.silva@unb.br', '$2b$10$hash13', '12345678913', 'aluno'),
('750e8400-e29b-41d4-a716-446655440014', 'Rafael Costa Santos', 'rafael.santos@unb.br', '$2b$10$hash14', '12345678914', 'aluno'),
('750e8400-e29b-41d4-a716-446655440015', 'Juliana Alves', 'juliana.alves@unb.br', '$2b$10$hash15', '12345678915', 'aluno'),
('750e8400-e29b-41d4-a716-446655440016', 'Marcos Pereira', 'marcos.pereira@unb.br', '$2b$10$hash16', '12345678916', 'aluno'),
('750e8400-e29b-41d4-a716-446655440017', 'Fernanda Lima', 'fernanda.lima@unb.br', '$2b$10$hash17', '12345678917', 'aluno'),
('750e8400-e29b-41d4-a716-446655440018', 'Gabriel Oliveira', 'gabriel.oliveira@unb.br', '$2b$10$hash18', '12345678918', 'aluno'),
('750e8400-e29b-41d4-a716-446655440019', 'Beatriz Santos', 'beatriz.santos@unb.br', '$2b$10$hash19', '12345678919', 'aluno'),

-- Professores adicionais
('750e8400-e29b-41d4-a716-446655440020', 'Dr. Roberto Silva', 'roberto.silva@unb.br', '$2b$10$hash20', '12345678920', 'professor'),
('750e8400-e29b-41d4-a716-446655440021', 'Dra. Carla Mendes', 'carla.mendes@unb.br', '$2b$10$hash21', '12345678921', 'professor'),
('750e8400-e29b-41d4-a716-446655440022', 'Dr. Paulo Rodrigues', 'paulo.rodrigues@unb.br', '$2b$10$hash22', '12345678922', 'professor');

-- =============================================
-- ALUNOS COMPLETOS
-- =============================================
INSERT INTO alunos (id, usuario_id, matricula, curso_id, semestre_ingresso, ano_ingresso, coeficiente_rendimento, status) VALUES
('850e8400-e29b-41d4-a716-446655440001', '750e8400-e29b-41d4-a716-446655440001', '202110001', '550e8400-e29b-41d4-a716-446655440001', '2021.1', 2021, 6.2, 'ativo'),
('850e8400-e29b-41d4-a716-446655440010', '750e8400-e29b-41d4-a716-446655440010', '202110002', '550e8400-e29b-41d4-a716-446655440001', '2021.1', 2021, 8.5, 'ativo'),
('850e8400-e29b-41d4-a716-446655440011', '750e8400-e29b-41d4-a716-446655440011', '202110003', '550e8400-e29b-41d4-a716-446655440002', '2021.1', 2021, 3.8, 'ativo'),
('850e8400-e29b-41d4-a716-446655440012', '750e8400-e29b-41d4-a716-446655440012', '202110005', '550e8400-e29b-41d4-a716-446655440001', '2021.1', 2021, 7.1, 'ativo'),
('850e8400-e29b-41d4-a716-446655440013', '750e8400-e29b-41d4-a716-446655440013', '202210001', '550e8400-e29b-41d4-a716-446655440003', '2022.1', 2022, 8.9, 'ativo'),
('850e8400-e29b-41d4-a716-446655440014', '750e8400-e29b-41d4-a716-446655440014', '202210002', '550e8400-e29b-41d4-a716-446655440002', '2022.1', 2022, 7.3, 'ativo'),
('850e8400-e29b-41d4-a716-446655440015', '750e8400-e29b-41d4-a716-446655440015', '202210003', '550e8400-e29b-41d4-a716-446655440004', '2022.1', 2022, 6.9, 'ativo'),
('850e8400-e29b-41d4-a716-446655440016', '750e8400-e29b-41d4-a716-446655440016', '202310001', '550e8400-e29b-41d4-a716-446655440001', '2023.1', 2023, 7.5, 'ativo'),
('850e8400-e29b-41d4-a716-446655440017', '750e8400-e29b-41d4-a716-446655440017', '202310002', '550e8400-e29b-41d4-a716-446655440003', '2023.1', 2023, 8.4, 'ativo'),
('850e8400-e29b-41d4-a716-446655440018', '750e8400-e29b-41d4-a716-446655440018', '202310003', '550e8400-e29b-41d4-a716-446655440005', '2023.1', 2023, 7.8, 'ativo'),
('850e8400-e29b-41d4-a716-446655440019', '750e8400-e29b-41d4-a716-446655440019', '202410001', '550e8400-e29b-41d4-a716-446655440001', '2024.1', 2024, 6.5, 'ativo');

-- =============================================
-- PROFESSORES
-- =============================================
INSERT INTO professores (id, usuario_id, siape, titulacao, area_especializacao) VALUES
('950e8400-e29b-41d4-a716-446655440001', '750e8400-e29b-41d4-a716-446655440002', '1234567', 'Doutora', 'Banco de Dados'),
('950e8400-e29b-41d4-a716-446655440002', '750e8400-e29b-41d4-a716-446655440020', '1234568', 'Doutor', 'Engenharia de Software'),
('950e8400-e29b-41d4-a716-446655440003', '750e8400-e29b-41d4-a716-446655440021', '1234569', 'Doutora', 'Inteligência Artificial'),
('950e8400-e29b-41d4-a716-446655440004', '750e8400-e29b-41d4-a716-446655440022', '1234570', 'Doutor', 'Redes de Computadores');

-- =============================================
-- HISTÓRICO ACADÊMICO COMPLETO
-- =============================================
INSERT INTO historico_academico (aluno_id, disciplina_id, periodo_cursado, nota_final, frequencia, situacao, creditos_obtidos) VALUES
-- João Silva Santos (aluno com algumas reprovações)
('850e8400-e29b-41d4-a716-446655440001', '650e8400-e29b-41d4-a716-446655440001', '2021.1', 7.5, 90, 'aprovado', 4),
('850e8400-e29b-41d4-a716-446655440001', '650e8400-e29b-41d4-a716-446655440002', '2021.1', 6.8, 85, 'aprovado', 4),
('850e8400-e29b-41d4-a716-446655440001', '650e8400-e29b-41d4-a716-446655440004', '2021.1', 8.2, 95, 'aprovado', 4),
('850e8400-e29b-41d4-a716-446655440001', '650e8400-e29b-41d4-a716-446655440006', '2021.2', 7.0, 88, 'aprovado', 4),
('850e8400-e29b-41d4-a716-446655440001', '650e8400-e29b-41d4-a716-446655440011', '2022.1', 6.5, 82, 'aprovado', 4),
('850e8400-e29b-41d4-a716-446655440001', '650e8400-e29b-41d4-a716-446655440016', '2022.2', 4.2, 70, 'reprovado_nota', 0),
('850e8400-e29b-41d4-a716-446655440001', '650e8400-e29b-41d4-a716-446655440016', '2023.1', 3.8, 65, 'reprovado_nota', 0),
('850e8400-e29b-41d4-a716-446655440001', '650e8400-e29b-41d4-a716-446655440016', '2023.2', 4.5, 75, 'reprovado_nota', 0),
('850e8400-e29b-41d4-a716-446655440001', '650e8400-e29b-41d4-a716-446655440016', '2024.1', 5.2, 80, 'aprovado', 4),

-- Maria Oliveira Pereira (excelente aluna)
('850e8400-e29b-41d4-a716-446655440010', '650e8400-e29b-41d4-a716-446655440001', '2021.1', 9.2, 98, 'aprovado', 4),
('850e8400-e29b-41d4-a716-446655440010', '650e8400-e29b-41d4-a716-446655440002', '2021.1', 8.8, 95, 'aprovado', 4),
('850e8400-e29b-41d4-a716-446655440010', '650e8400-e29b-41d4-a716-446655440004', '2021.1', 9.5, 100, 'aprovado', 4),
('850e8400-e29b-41d4-a716-446655440010', '650e8400-e29b-41d4-a716-446655440006', '2021.2', 9.0, 98, 'aprovado', 4),
('850e8400-e29b-41d4-a716-446655440010', '650e8400-e29b-41d4-a716-446655440007', '2021.2', 8.7, 95, 'aprovado', 4),
('850e8400-e29b-41d4-a716-446655440010', '650e8400-e29b-41d4-a716-446655440010', '2021.2', 9.3, 100, 'aprovado', 4),
('850e8400-e29b-41d4-a716-446655440010', '650e8400-e29b-41d4-a716-446655440011', '2022.1', 9.8, 100, 'aprovado', 4),
('850e8400-e29b-41d4-a716-446655440010', '650e8400-e29b-41d4-a716-446655440012', '2022.1', 9.1, 98, 'aprovado', 4),
('850e8400-e29b-41d4-a716-446655440010', '650e8400-e29b-41d4-a716-446655440014', '2022.2', 9.5, 98, 'aprovado', 3),
('850e8400-e29b-41d4-a716-446655440010', '650e8400-e29b-41d4-a716-446655440016', '2023.1', 8.9, 95, 'aprovado', 4),
('850e8400-e29b-41d4-a716-446655440010', '650e8400-e29b-41d4-a716-446655440017', '2023.2', 9.2, 100, 'aprovado', 4),
('850e8400-e29b-41d4-a716-446655440010', '650e8400-e29b-41d4-a716-446655440021', '2024.1', 9.7, 100, 'aprovado', 4),

-- Carlos Souza Lima (aluno em risco crítico)
('850e8400-e29b-41d4-a716-446655440011', '650e8400-e29b-41d4-a716-446655440001', '2021.1', 3.2, 60, 'reprovado_nota', 0),
('850e8400-e29b-41d4-a716-446655440011', '650e8400-e29b-41d4-a716-446655440001', '2021.2', 4.1, 65, 'reprovado_nota', 0),
('850e8400-e29b-41d4-a716-446655440011', '650e8400-e29b-41d4-a716-446655440001', '2022.1', 5.5, 75, 'aprovado', 4),
('850e8400-e29b-41d4-a716-446655440011', '650e8400-e29b-41d4-a716-446655440002', '2021.1', 2.8, 50, 'reprovado_nota', 0),
('850e8400-e29b-41d4-a716-446655440011', '650e8400-e29b-41d4-a716-446655440002', '2022.1', 3.5, 55, 'reprovado_nota', 0),
('850e8400-e29b-41d4-a716-446655440011', '650e8400-e29b-41d4-a716-446655440004', '2021.1', 4.2, 70, 'reprovado_nota', 0),
('850e8400-e29b-41d4-a716-446655440011', '650e8400-e29b-41d4-a716-446655440006', '2022.2', 3.8, 60, 'reprovado_nota', 0),
('850e8400-e29b-41d4-a716-446655440011', '650e8400-e29b-41d4-a716-446655440011', '2023.1', 4.0, 65, 'reprovado_nota', 0),

-- Adicionar mais dados para outros alunos (dados variados)
('850e8400-e29b-41d4-a716-446655440012', '650e8400-e29b-41d4-a716-446655440001', '2021.1', 7.8, 88, 'aprovado', 4),
('850e8400-e29b-41d4-a716-446655440012', '650e8400-e29b-41d4-a716-446655440002', '2021.1', 7.2, 85, 'aprovado', 4),
('850e8400-e29b-41d4-a716-446655440012', '650e8400-e29b-41d4-a716-446655440006', '2021.2', 6.8, 82, 'aprovado', 4),
('850e8400-e29b-41d4-a716-446655440012', '650e8400-e29b-41d4-a716-446655440011', '2022.1', 8.0, 90, 'aprovado', 4),
('850e8400-e29b-41d4-a716-446655440012', '650e8400-e29b-41d4-a716-446655440016', '2022.2', 4.5, 70, 'reprovado_nota', 0),
('850e8400-e29b-41d4-a716-446655440012', '650e8400-e29b-41d4-a716-446655440016', '2023.1', 6.2, 80, 'aprovado', 4),

-- Mais dados para análise estatística
('850e8400-e29b-41d4-a716-446655440013', '650e8400-e29b-41d4-a716-446655440001', '2022.1', 8.5, 92, 'aprovado', 4),
('850e8400-e29b-41d4-a716-446655440013', '650e8400-e29b-41d4-a716-446655440002', '2022.1', 8.0, 88, 'aprovado', 4),
('850e8400-e29b-41d4-a716-446655440013', '650e8400-e29b-41d4-a716-446655440006', '2022.2', 7.5, 85, 'aprovado', 4),
('850e8400-e29b-41d4-a716-446655440013', '650e8400-e29b-41d4-a716-446655440011', '2023.1', 9.0, 95, 'aprovado', 4),

('850e8400-e29b-41d4-a716-446655440014', '650e8400-e29b-41d4-a716-446655440001', '2022.1', 6.5, 78, 'aprovado', 4),
('850e8400-e29b-41d4-a716-446655440014', '650e8400-e29b-41d4-a716-446655440002', '2022.1', 7.8, 85, 'aprovado', 4),
('850e8400-e29b-41d4-a716-446655440014', '650e8400-e29b-41d4-a716-446655440006', '2022.2', 8.2, 90, 'aprovado', 4),

('850e8400-e29b-41d4-a716-446655440015', '650e8400-e29b-41d4-a716-446655440001', '2022.1', 7.0, 82, 'aprovado', 4),
('850e8400-e29b-41d4-a716-446655440015', '650e8400-e29b-41d4-a716-446655440002', '2022.1', 6.8, 80, 'aprovado', 4),
('850e8400-e29b-41d4-a716-446655440015', '650e8400-e29b-41d4-a716-446655440011', '2023.1', 4.2, 68, 'reprovado_nota', 0),

-- Adicionar reprovações em disciplinas específicas para análise
('850e8400-e29b-41d4-a716-446655440016', '650e8400-e29b-41d4-a716-446655440016', '2023.2', 3.5, 60, 'reprovado_nota', 0),
('850e8400-e29b-41d4-a716-446655440017', '650e8400-e29b-41d4-a716-446655440016', '2023.2', 4.0, 65, 'reprovado_nota', 0),
('850e8400-e29b-41d4-a716-446655440018', '650e8400-e29b-41d4-a716-446655440001', '2023.1', 3.8, 62, 'reprovado_nota', 0),
('850e8400-e29b-41d4-a716-446655440019', '650e8400-e29b-41d4-a716-446655440006', '2024.1', 4.1, 68, 'reprovado_nota', 0);

-- =============================================
-- SOLICITAÇÕES DE RECUPERAÇÃO
-- =============================================
INSERT INTO solicitacoes_recuperacao (aluno_id, disciplina_id, periodo_solicitado, motivo, status, data_submissao) VALUES
('850e8400-e29b-41d4-a716-446655440001', '650e8400-e29b-41d4-a716-446655440016', '2024.2', 'Múltiplas reprovações em Banco de Dados II devido a dificuldades com conceitos avançados', 'pendente', '2024-01-12'),
('850e8400-e29b-41d4-a716-446655440011', '650e8400-e29b-41d4-a716-446655440001', '2024.2', 'Dificuldades em Algoritmos - problemas de base matemática', 'aprovada_professor', '2024-01-15'),
('850e8400-e29b-41d4-a716-446655440012', '650e8400-e29b-41d4-a716-446655440016', '2024.1', 'Problemas familiares durante o semestre afetaram o desempenho', 'deferida', '2023-12-10'),
('850e8400-e29b-41d4-a716-446655440015', '650e8400-e29b-41d4-a716-446655440011', '2024.1', 'Conflito de horários com trabalho', 'deferida', '2023-11-20'),
('850e8400-e29b-41d4-a716-446655440016', '650e8400-e29b-41d4-a716-446655440016', '2024.1', 'Problemas técnicos durante provas online', 'indeferida', '2023-12-05'),
('850e8400-e29b-41d4-a716-446655440017', '650e8400-e29b-41d4-a716-446655440016', '2024.1', 'Mudança de cidade durante o semestre', 'indeferida', '2024-01-08'),
('850e8400-e29b-41d4-a716-446655440018', '650e8400-e29b-41d4-a716-446655440001', '2024.1', 'Problemas de saúde', 'aprovada_professor', '2024-01-10'),
('850e8400-e29b-41d4-a716-446655440019', '650e8400-e29b-41d4-a716-446655440006', '2024.2', 'Dificuldades com a metodologia da disciplina', 'pendente', '2024-01-20');